{"cameraMode":{"drawMode":0,"name":"Shaded","section":"Shading Mode"},"sceneLighting":true,"audioPlay":false,"sceneViewState":{"showFog":true,"showMaterialUpdate":false,"showSkybox":true,"showFlares":true,"showImageEffects":true,"showParticleSystems":true},"in2DMode":false,"pivot":{"x":58.3016357421875,"y":70.24803924560547,"z":9.410839080810547},"rotation":{"x":-0.03149471431970596,"y":-0.002998588839545846,"z":-0.00009457267879042774,"w":0.9995038509368897},"size":120.6915283203125,"orthographic":false}