{"cameraMode":{"drawMode":0,"name":"Shaded","section":"Shading Mode"},"sceneLighting":false,"audioPlay":false,"sceneViewState":{"showFog":true,"showMaterialUpdate":false,"showSkybox":false,"showFlares":true,"showImageEffects":true,"showParticleSystems":true},"in2DMode":false,"pivot":{"x":2.973250150680542,"y":1.6138110160827637,"z":15.74461841583252},"rotation":{"x":0.11503876745700836,"y":0.05956351384520531,"z":-0.00693378783762455,"w":0.9915807247161865},"size":9.63153076171875,"orthographic":false}