{"cameraMode":{"drawMode":0,"name":"Shaded","section":"Shading Mode"},"sceneLighting":false,"audioPlay":false,"sceneViewState":{"showFog":true,"showMaterialUpdate":false,"showSkybox":false,"showFlares":true,"showImageEffects":true,"showParticleSystems":true},"in2DMode":false,"pivot":{"x":8.775806427001954,"y":63.431800842285159,"z":14.329116821289063},"rotation":{"x":0.15389029681682588,"y":-0.007409894838929176,"z":0.0011555773671716452,"w":0.9881104230880737},"size":58.25157928466797,"orthographic":false}