{"cameraMode":{"drawMode":0,"name":"Shaded","section":"Shading Mode"},"sceneLighting":true,"audioPlay":false,"sceneViewState":{"showFog":true,"showMaterialUpdate":false,"showSkybox":true,"showFlares":true,"showImageEffects":true,"showParticleSystems":true},"in2DMode":false,"pivot":{"x":-33.678871154785159,"y":54.307037353515628,"z":93.19330596923828},"rotation":{"x":-0.002994388109073043,"y":0.03900168463587761,"z":0.0001793940900824964,"w":0.9993433952331543},"size":84.65461730957031,"orthographic":false}