{"cameraMode":{"drawMode":0,"name":"Shaded","section":"Shading Mode"},"sceneLighting":true,"audioPlay":false,"sceneViewState":{"showFog":true,"showMaterialUpdate":false,"showSkybox":true,"showFlares":true,"showImageEffects":true,"showParticleSystems":true},"in2DMode":false,"pivot":{"x":1.250441312789917,"y":54.125,"z":12.899999618530274},"rotation":{"x":-0.11192356795072556,"y":-0.07773637026548386,"z":0.008770130574703217,"w":-0.9906642436981201},"size":2.8578836917877199,"orthographic":false}