{"cameraMode":{"drawMode":0,"name":"Shaded","section":"Shading Mode"},"sceneLighting":true,"audioPlay":false,"sceneViewState":{"showFog":true,"showMaterialUpdate":false,"showSkybox":true,"showFlares":true,"showImageEffects":true,"showParticleSystems":true},"in2DMode":false,"pivot":{"x":-5.849801063537598,"y":61.41720962524414,"z":23.516210556030275},"rotation":{"x":-0.03449386730790138,"y":0.005689536686986685,"z":-0.000208137440495193,"w":-0.9994188547134399},"size":29.47372817993164,"orthographic":false}