{"cameraMode":{"drawMode":0,"name":"Shaded","section":"Shading Mode"},"sceneLighting":false,"audioPlay":false,"sceneViewState":{"showFog":true,"showMaterialUpdate":false,"showSkybox":false,"showFlares":true,"showImageEffects":true,"showParticleSystems":true},"in2DMode":false,"pivot":{"x":-81.8123779296875,"y":14.397416114807129,"z":-51.141849517822269},"rotation":{"x":-0.5518930554389954,"y":0.028749750927090646,"z":0.019062882289290429,"w":0.8332507610321045},"size":6.791687488555908,"orthographic":false}