{"cameraMode":{"drawMode":0,"name":"Shaded","section":"Shading Mode"},"sceneLighting":true,"audioPlay":false,"sceneViewState":{"showFog":true,"showMaterialUpdate":false,"showSkybox":true,"showFlares":true,"showImageEffects":true,"showParticleSystems":true},"in2DMode":false,"pivot":{"x":0.8139686584472656,"y":4.271424770355225,"z":13.227924346923829},"rotation":{"x":-0.03149471431970596,"y":-0.002998588839545846,"z":-0.00009457267879042774,"w":0.9995038509368897},"size":17.126934051513673,"orthographic":false}