{"cameraMode":{"drawMode":0,"name":"Shaded","section":"Shading Mode"},"sceneLighting":true,"audioPlay":false,"sceneViewState":{"showFog":true,"showMaterialUpdate":false,"showSkybox":true,"showFlares":true,"showImageEffects":true,"showParticleSystems":true},"in2DMode":false,"pivot":{"x":285.64715576171877,"y":95.04373931884766,"z":29.159236907958986},"rotation":{"x":-0.03449386730790138,"y":0.005689536686986685,"z":-0.000208137440495193,"w":-0.9994188547134399},"size":415.1635437011719,"orthographic":false}